,Date,High,dilution
0,2016-03-11,22.719160040274996,
1,2016-03-14,22.872045987330097,
2,2016-03-15,22.51276033317124,
3,2016-03-16,22.390446676122995,
4,2016-03-17,22.382803869354223,
5,2016-03-18,22.535692118796263,
6,2016-03-21,22.550980023481877,
7,2016-03-22,22.13053930660309,
8,2016-03-23,22.168763465919184,
9,2016-03-24,21.480762165247004,
10,2016-03-28,22.168759527614863,
11,2016-03-29,22.206977947346765,
12,2016-03-30,21.870627736093283,
13,2016-03-31,21.885920138001087,
14,2016-04-01,21.9700066126375,
15,2016-04-04,21.947074944018546,
16,2016-04-05,21.32787632206372,
17,2016-04-06,21.534275112909143,
18,2016-04-07,21.564851472925824,
19,2016-04-08,21.11383561963981,
20,2016-04-11,21.15205999832596,
21,2016-04-12,21.14441609817314,
22,2016-04-13,21.65658526064737,
23,2016-04-14,21.48841035195553,
24,2016-04-15,21.503701009554693,
25,2016-04-18,21.58014289722482,
26,2016-04-19,21.87062995898462,
27,2016-04-20,21.534276092119512,
28,2016-04-21,21.595434063525133,
29,2016-04-22,21.21321399160433,
30,2016-04-25,20.80805541617376,
31,2016-04-26,21.06032168913612,
32,2016-04-27,21.61072091505284,
33,2016-04-28,21.75596768800894,
34,2016-04-29,22.55097829115101,
35,2016-05-02,22.306361245734884,
36,2016-05-03,22.09231694438244,
37,2016-05-04,22.08467281541469,
38,2016-05-05,22.26813866427265,
39,2016-05-06,22.68858002016936,
40,2016-05-09,22.39044887903481,
41,2016-05-10,22.894979320713443,
42,2016-05-11,23.170179779905357,
43,2016-05-12,22.795605227562184,
44,2016-05-13,22.443957889036504,
45,2016-05-16,22.543338436903834,
46,2016-05-17,22.58155731633197,
47,2016-05-18,22.48218024818465,
48,2016-05-19,22.06173886477043,
49,2016-05-20,21.64894652513076,
50,2016-05-23,21.87062890713092,
51,2016-05-24,22.03115999637591,
52,2016-05-25,21.977648910822207,
53,2016-05-26,22.08467236898832,
54,2016-05-27,22.29107298504443,
55,2016-05-31,22.382805271131367,
56,2016-06-01,22.153471050914145,
57,2016-06-02,22.315391540527344,
58,2016-06-03,22.307690722020304,
59,2016-06-06,22.09215781884246,
60,2016-06-07,21.630300136228087,
61,2016-06-08,21.63029986701674,
62,2016-06-09,21.43785968694206,
63,2016-06-10,21.16844518309166,
64,2016-06-13,20.98370339447034,
65,2016-06-14,20.79895779761244,
66,2016-06-15,20.783562660164733,
67,2016-06-16,21.145346283891,
68,2016-06-17,21.38397520347549,
69,2016-06-20,21.3377942325167,
70,2016-06-21,21.24542120360088,
71,2016-06-22,21.16074711846854,
72,2016-06-23,21.222328784829912,
73,2016-06-24,20.760470983736884,
74,2016-06-27,20.467959631966437,
75,2016-06-28,20.53724114685693,
76,2016-06-29,21.191537267239,
77,2016-06-30,21.4301652561256,
78,2016-07-01,21.75346231429989,
79,2016-07-05,21.55332246773199,
80,2016-07-06,21.11455807830145,
81,2016-07-07,21.29930326535519,
82,2016-07-08,21.553324531462128,
83,2016-07-11,21.42246511550406,
84,2016-07-12,23.30068702541648,
85,2016-07-13,23.793330710522955,
86,2016-07-14,24.18590892748156,
87,2016-07-15,23.739447633951936,
88,2016-07-18,23.6008907916244,
89,2016-07-19,23.593193480658154,
90,2016-07-20,23.4931215127272,
91,2016-07-21,23.41614753913518,
92,2016-07-22,23.616285533873597,
93,2016-07-25,23.485424683332116,
94,2016-07-26,23.1698250258873,
95,2016-07-27,23.10054897109672,
96,2016-07-28,22.746452235229544,
97,2016-07-29,23.02357012085141,
98,2016-08-01,22.36156903067789,
99,2016-08-02,21.945900517732102,
100,2016-08-03,21.75346676312492,
101,2016-08-04,22.53092012633008,
102,2016-08-05,22.36927187069961,
103,2016-08-08,22.484733296963466,
104,2016-08-09,22.35387818054993,
105,2016-08-10,22.669478032786262,
106,2016-08-11,22.83113071514673,
107,2016-08-12,22.94659587973696,
108,2016-08-15,23.038962118497405,
109,2016-08-16,22.977384245420925,
110,2016-08-17,22.954292731009375,
111,2016-08-18,23.1852218268214,
112,2016-08-19,23.308385404088565,
113,2016-08-22,22.83882877431855,
114,2016-08-23,23.21600993231556,
115,2016-08-24,23.177526208417508,
116,2016-08-25,23.246798398080287,
117,2016-08-26,23.385356080014446,
118,2016-08-29,23.046660146257903,
119,2016-08-30,23.00817155460221,
120,2016-08-31,23.431544457804712,
121,2016-09-01,23.64090919494629,
122,2016-09-02,23.788129847371028,
123,2016-09-06,23.67190243355548,
124,2016-09-07,24.028335871328167,
125,2016-09-08,24.22205165423447,
126,2016-09-09,23.772632381424263,
127,2016-09-12,24.059326392866957,
128,2016-09-13,24.05933044159536,
129,2016-09-14,24.17555620797887,
130,2016-09-15,24.53974475860667,
131,2016-09-16,24.764450299949264,
132,2016-09-19,24.7954439288027,
133,2016-09-20,25.01240558774333,
134,2016-09-21,24.787694342539847,
135,2016-09-22,24.756703301062487,
136,2016-09-23,24.63272619250046,
137,2016-09-26,24.377022360797795,
138,2016-09-27,24.29954017099968,
139,2016-09-28,24.4080151408517,
140,2016-09-29,24.439009872727496,
141,2016-09-30,24.253043798581423,
142,2016-10-03,24.965913772583008,
143,2016-10-04,25.089887917781045,
144,2016-10-05,24.872928488988627,
145,2016-10-06,25.299105119210125,
146,2016-10-07,25.438579036710685,
147,2016-10-10,25.337848790071405,
148,2016-10-11,25.18287189423092,
149,2016-10-12,24.87292909175066,
150,2016-10-13,24.56299050826162,
151,2016-10-14,24.75670438695549,
152,2016-10-17,24.60173039145808,
153,2016-10-18,24.79544694157556,
154,2016-10-19,24.64047268279484,
155,2016-10-20,24.6017325123445,
156,2016-10-21,24.741204733156252,
157,2016-10-24,24.98915844565696,
158,2016-10-25,24.95041907612993,
159,2016-10-26,24.9116728831222,
160,2016-10-27,24.717957267031203,
161,2016-10-28,24.62497906723197,
162,2016-10-31,24.446756810101167,
163,2016-11-01,24.485501377181848,
164,2016-11-02,23.904358175767456,
165,2016-11-03,23.981843761901303,
166,2016-11-04,24.64047101998689,
167,2016-11-08,25.492819219268583,
168,2016-11-09,26.306418239397303,
169,2016-11-10,26.46139036310421,
170,2016-11-11,26.887558010656072,
171,2016-11-14,27.08127240128638,
172,2016-11-15,26.910808320836463,
173,2016-11-17,27.62367420228531,
174,2016-11-18,27.3524764044641,
175,2016-11-21,27.39121728026888,
176,2016-11-22,27.158760800841,
177,2016-11-23,27.1587588359964,
178,2016-11-25,27.15876052397947,
179,2016-11-28,27.18200963289618,
180,2016-11-29,26.833323731002935,
181,2016-11-30,26.965047231874387,
182,2016-12-01,26.69614215395344,
183,2016-12-02,26.189500763779503,
184,2016-12-05,25.994640365087157,
185,2016-12-06,26.579226480031256,
186,2016-12-07,26.38436308291429,
187,2016-12-08,25.83874699109846,
188,2016-12-09,25.449024287455448,
189,2016-12-12,25.487998076618677,
190,2016-12-13,25.332107543945312,
191,2016-12-14,25.059299489900773,
192,2016-12-15,25.17621705669444,
193,2016-12-16,25.21518846299509,
194,2016-12-19,25.95566362740888,
195,2016-12-20,26.267448432252657,
196,2016-12-21,27.28073214042879,
197,2016-12-22,27.38205859988524,
198,2016-12-23,27.51456451416016,
199,2016-12-27,27.67045877517552,
200,2016-12-28,27.67045497580621,
201,2016-12-29,27.046895966563877,
202,2016-12-30,26.73511204828779,
203,2017-01-03,27.08586883544922,
204,2017-01-04,27.124839720653267,
205,2017-01-05,26.852026860882795,
206,2017-01-06,26.7740888529739,
207,2017-01-09,26.54025071426683,
208,2017-01-10,26.891006424329703,
209,2017-01-11,26.89099977767988,
210,2017-01-12,26.813054993630537,
211,2017-01-13,26.813058881378858,
212,2017-01-17,26.73511786686325,
213,2017-01-18,26.423338960368216,
214,2017-01-19,26.42333984375,
215,2017-01-20,26.81305604013325,
216,2017-01-23,27.20278358602687,
217,2017-01-24,26.96894351522651,
218,2017-01-25,26.96895018114169,
219,2017-01-26,26.96894637299073,
220,2017-01-27,26.735108285763143,
221,2017-01-30,27.00792503291141,
222,2017-01-31,26.6026052145268,
223,2017-02-01,26.38435921654772,
224,2017-02-02,26.03361423637228,
225,2017-02-03,25.95566647410242,
226,2017-02-06,25.68286035156964,
227,2017-02-07,25.643886587623275,
228,2017-02-08,24.73193014911615,
229,2017-02-09,24.35779186987108,
230,2017-02-10,24.55265854888553,
231,2017-02-14,24.55265761396879,
232,2017-02-15,24.591628049150348,
233,2017-02-16,24.51368044391577,
234,2017-02-17,24.420150632686298,
235,2017-02-21,24.35779232281365,
236,2017-02-22,24.474713303774912,
237,2017-02-23,24.513686669671166,
238,2017-02-24,24.5136857362384,
239,2017-02-27,24.55265328259847,
240,2017-02-28,24.55265854888553,
241,2017-03-01,24.591629476310125,
242,2017-03-02,23.85114993810084,
243,2017-03-03,23.227589060932207,
244,2017-03-06,23.110673404908177,
245,2017-03-07,23.11067721490076,
246,2017-03-08,23.305537700857627,
247,2017-03-09,23.464348597634864,
248,2017-03-10,23.69977665764668,
249,2017-03-13,24.05291779663927,
250,2017-03-14,24.19417316347436,
251,2017-03-15,23.84103372887016,
252,2017-03-16,23.856730790634145,
253,2017-03-17,24.092155879590443,
254,2017-03-20,24.445297322753497,
255,2017-03-21,24.32758469624413,
256,2017-03-22,23.93520440671825,
257,2017-03-23,24.0921599560572,
258,2017-03-24,24.311887623448666,
259,2017-03-27,24.2883448064228,
260,2017-03-28,24.131392365161062,
261,2017-03-29,24.32758659578273,
262,2017-03-30,24.523777443088605,
263,2017-03-31,24.79844082204756,
264,2017-04-03,25.190821431525546,
265,2017-04-04,25.15158336215932,
266,2017-04-05,24.95539131588885,
267,2017-04-06,24.327582243574614,
268,2017-04-07,24.24910744798592,
269,2017-04-10,24.092156417348736,
270,2017-04-11,24.20986926886365,
271,2017-04-12,24.19417541091844,
272,2017-04-13,24.01368356758285,
273,2017-04-17,24.09215545654297,
274,2017-04-18,24.092160145123778,
275,2017-04-19,24.09215673403504,
276,2017-04-20,24.68072958057557,
277,2017-04-21,24.484536488637968,
278,2017-04-24,24.484535828820132,
279,2017-04-25,24.563010939872907,
280,2017-04-26,24.64148646418855,
281,2017-04-27,24.52377326732292,
282,2017-04-28,24.09215716548728,
283,2017-05-01,23.97444250346371,
284,2017-05-02,23.582061767578125,
285,2017-05-03,23.668386882428297,
286,2017-05-04,23.66053674449493,
287,2017-05-05,23.252462499915435,
288,2017-05-08,23.04842731713324,
289,2017-05-09,23.621299952218425,
290,2017-05-10,22.67958672384302,
291,2017-05-11,22.01254094332822,
292,2017-05-12,21.58092029501933,
293,2017-05-15,21.188539568072443,
294,2017-05-16,21.070827261287207,
295,2017-05-17,20.089871526194617,
296,2017-05-18,19.422828985720265,
297,2017-05-19,20.05064045136916,
298,2017-05-22,20.089875299362465,
299,2017-05-23,19.854444966743632,
300,2017-05-24,19.383592855311598,
301,2017-05-25,18.716548240367427,
302,2017-05-26,19.775974956547035,
303,2017-05-30,19.305116363771248,
304,2017-05-31,18.481118073963767,
305,2017-06-01,18.844814506725957,
306,2017-06-02,19.676208522843307,
307,2017-06-05,20.25421864686592,
308,2017-06-06,19.834563825087848,
309,2017-06-07,19.636613679416843,
310,2017-06-08,18.88440600889906,
311,2017-06-09,18.844813020105303,
312,2017-06-12,18.8052266709348,
313,2017-06-13,19.31989564874195,
314,2017-06-14,19.47825454215414,
315,2017-06-15,19.20904708106908,
316,2017-06-16,19.55743983260053,
317,2017-06-19,19.83456207901084,
318,2017-06-20,19.47825766754475,
319,2017-06-21,18.686457398120968,
320,2017-06-22,18.27472154032692,
321,2017-06-23,18.805228147583843,
322,2017-06-26,18.82898268847176,
323,2017-06-27,18.96358600287144,
324,2017-06-28,19.161536580002416,
325,2017-06-29,19.003175554064622,
326,2017-06-30,18.76563740869636,
327,2017-07-03,18.488507174503773,
328,2017-07-05,18.686461015849467,
329,2017-07-06,17.657119449187647,
330,2017-07-07,17.61753066660225,
331,2017-07-10,17.419579261957214,
332,2017-07-11,17.736299964930105,
333,2017-07-12,17.736297051114214,
334,2017-07-13,17.65711679015876,
335,2017-07-14,17.5225083516376,
336,2017-07-17,16.825731044586064,
337,2017-07-18,16.231882394593605,
338,2017-07-19,16.192290481300855,
339,2017-07-20,16.651533768633023,
340,2017-07-21,16.50901103390594,
341,2017-07-24,16.46941929396168,
342,2017-07-25,16.627779869101914,
343,2017-07-26,16.786137069502917,
344,2017-07-27,16.746552252961163,
345,2017-07-28,16.42982994637838,
346,2017-07-31,16.39023717610285,
347,2017-08-01,16.548597769146298,
348,2017-08-02,12.708373798407926,
349,2017-08-03,12.074935825930568,
350,2017-08-04,13.183452844080213,
351,2017-08-07,13.02509579974431,
352,2017-08-08,13.02509536920801,
353,2017-08-09,12.747962084687323,
354,2017-08-10,12.272885032480696,
355,2017-08-11,11.520675378902618,
356,2017-08-14,11.44149667513425,
357,2017-08-15,10.966416527840575,
358,2017-08-16,10.887237084363822,
359,2017-08-17,11.0060063378468,
360,2017-08-18,10.451748036701666,
361,2017-08-21,10.412157704318778,
362,2017-08-22,10.64969573078069,
363,2017-08-23,10.13502727070919,
364,2017-08-24,10.59427226613082,
365,2017-08-25,10.4913366448258,
366,2017-08-28,10.49133791515982,
367,2017-08-29,10.253796255620678,
368,2017-08-30,10.689286450939624,
369,2017-08-31,10.847645348010635,
370,2017-09-01,11.36231702302518,
371,2017-09-05,11.544430597339042,
372,2017-09-06,11.560264493681816,
373,2017-09-07,11.560266844340171,
374,2017-09-08,11.127688032093932,
375,2017-09-11,11.569581731211043,
376,2017-09-12,11.674027835168696,
377,2017-09-13,12.332851554312464,
378,2017-09-14,13.136295625629677,
379,2017-09-15,13.76297994717499,
380,2017-09-18,14.180770044720694,14.180770044720694
381,2017-09-19,13.4175001714851,
382,2017-09-20,13.05595087477716,
383,2017-09-21,12.734574051195814,
384,2017-09-22,12.855090563674317,
385,2017-09-25,12.975607149443752,
386,2017-09-26,12.65422841553201,
387,2017-09-27,12.638158766370202,
388,2017-09-28,12.332851617854976,
389,2017-09-29,12.051647692980705,
390,2017-10-02,12.17216386342126,
391,2017-10-03,12.814918252418211,
392,2017-10-04,12.89526175942157,
393,2017-10-05,13.256811789958244,
394,2017-10-06,12.943468477511898,
395,2017-10-09,12.212334833850814,
396,2017-10-10,11.489236702890969,
397,2017-10-11,11.368721187318442,
398,2017-10-12,11.208031306025784,
399,2017-10-13,11.288377325541328,
400,2017-10-16,11.328549639541464,
401,2017-10-17,11.248205011541192,
402,2017-10-18,11.288375719155637,
403,2017-10-19,11.489236563285214,
404,2017-10-20,11.690097131023451,
405,2017-10-23,11.52941026177103,
406,2017-10-24,11.569579724024374,
407,2017-10-25,11.85078687972226,
408,2017-10-26,12.011475380759478,
409,2017-10-27,12.011475649031464,
410,2017-10-30,11.931130655521688,
411,2017-10-31,11.489236785646243,
412,2017-11-01,11.328547182631436,
413,2017-11-02,10.72596507234324,
414,2017-11-03,10.48493324858144,
415,2017-11-06,9.92252172839886,
416,2017-11-07,10.364414352647854,
417,2017-11-08,9.842178217965818,
418,2017-11-09,9.641316385145904,
419,2017-11-10,9.319940596073303,
420,2017-11-13,9.40028450012955,
421,2017-11-14,9.842177118898253,
422,2017-11-15,10.203728067360988,
423,2017-11-16,10.40458830717342,
424,2017-11-17,10.565276208621295,
425,2017-11-20,10.36441550179577,
426,2017-11-21,10.40458947956447,
427,2017-11-22,10.709897380420186,
428,2017-11-24,11.288375924050996,
429,2017-11-27,12.051646649959658,
430,2017-11-28,13.176467711288897,
431,2017-11-29,13.17646610714412,
432,2017-11-30,12.573884296107662,
433,2017-12-01,11.652784591515683,
434,2017-12-04,11.937992862974,
435,2017-12-05,12.141712658518216,
436,2017-12-06,12.223201550935444,
437,2017-12-07,11.815760826728614,
438,2017-12-08,11.97873720969088,
439,2017-12-11,12.589897713246309,
440,2017-12-12,13.038081935194672,
441,2017-12-13,12.50840987728215,
442,2017-12-14,12.875104904174805,
443,2017-12-15,12.956592843737008,
444,2017-12-18,12.549153551772774,
445,2017-12-19,12.508410167429483,
446,2017-12-20,12.467663224417958,
447,2017-12-21,12.712128038809627,
448,2017-12-22,12.630639527612455,
449,2017-12-26,12.182456170593902,
450,2017-12-27,11.734272429984845,
451,2017-12-28,12.141710782479995,
452,2017-12-29,12.573599769141389,
453,2018-01-02,12.752871416233608,
454,2018-01-03,12.630640824635822,
455,2018-01-04,12.304689293234048,
456,2018-01-05,11.864653891005712,
457,2018-01-08,11.69352930935792,
458,2018-01-09,11.408321089938626,
459,2018-01-10,11.61204077077395,
460,2018-01-11,11.530552417123092,
461,2018-01-12,11.978736800932571,
462,2018-01-16,11.897247328995311,
463,2018-01-17,11.367577151147998,
464,2018-01-18,11.245344096654632,
465,2018-01-19,10.96013730155656,
466,2018-01-22,10.919393768392252,
467,2018-01-23,11.163855786228464,
468,2018-01-24,11.12311316779568,
469,2018-01-25,10.83790593298104,
470,2018-01-26,10.756416113233149,
471,2018-01-29,10.552696108144906,
472,2018-01-30,10.47120945555914,
473,2018-01-31,10.47120794489562,
474,2018-02-01,11.082369514772802,
475,2018-02-02,11.595742796669676,
476,2018-02-05,11.326832154649573,
477,2018-02-06,11.245345447950902,
478,2018-02-07,11.734272548402588,
479,2018-02-08,11.652785494781511,
480,2018-02-09,11.245345717724131,
481,2018-02-12,11.67723145345962,
482,2018-02-13,11.489809925789402,
483,2018-02-14,11.815761499237595,
484,2018-02-15,12.125415875088269,
485,2018-02-16,12.141712014077504,
486,2018-02-20,12.223200633608062,
487,2018-02-21,12.100968634691254,
488,2018-02-22,12.141712883005162,
489,2018-02-23,12.141710782479995,
490,2018-02-26,12.956592057074385,
491,2018-02-27,12.940295578494805,
492,2018-02-28,12.940295338108324,
493,2018-03-01,13.038079730534957,
494,2018-03-02,12.915849394041055,
495,2018-03-05,13.03808109343998,
496,2018-03-06,13.103270885316093,
497,2018-03-07,13.021783455977497,
498,2018-03-08,13.038080674958543,
499,2018-03-09,13.084135073822836,
500,2018-03-12,13.067622823594949,
501,2018-03-13,13.084132839166298,
502,2018-03-14,12.489775345437517,
503,2018-03-15,12.506284085261834,
504,2018-03-16,12.217360831508138,
505,2018-03-19,11.722062111080657,
506,2018-03-20,11.969712627727024,
507,2018-03-21,12.052261520575763,
508,2018-03-22,11.804614482924576,
509,2018-03-23,11.804614294637274,
510,2018-03-26,11.680787256020867,
511,2018-03-27,11.639514357545831,
512,2018-03-28,11.639513373034855,
513,2018-03-29,11.76333827207656,
514,2018-04-03,12.654876405865595,
515,2018-04-04,13.04285829467743,
516,2018-04-05,13.538156677735142,
517,2018-04-06,13.868356283922296,
518,2018-04-09,13.909632100396182,
519,2018-04-10,14.03345489653882,
520,2018-04-11,14.033456206934751,
521,2018-04-12,13.950903236604065,
522,2018-04-13,14.033456018793066,
523,2018-04-16,14.487479586318608,
524,2018-04-17,14.611307206397688,
525,2018-04-18,14.735129382635872,
526,2018-04-19,14.81767782912673,
527,2018-04-20,14.446202586678895,
528,2018-04-24,14.281104426953496,
529,2018-04-25,14.28110330046152,
530,2018-04-26,14.446204537182982,
531,2018-04-27,14.528754592297725,
532,2018-04-30,14.462715637742312,
533,2018-05-01,14.528753980006485,
534,2018-05-02,13.909629003830064,
535,2018-05-03,13.82708169537601,
536,2018-05-04,13.868356127253278,
537,2018-05-07,14.36365448206824,
538,2018-05-08,14.528753619554202,
539,2018-05-09,13.90963113953527,
540,2018-05-10,13.909632100396182,
541,2018-05-11,13.70325758675704,
542,2018-05-14,13.74453085123328,
543,2018-05-15,13.78580745444809,
544,2018-05-16,13.827078972619322,
545,2018-05-17,14.03345328564349,
546,2018-05-18,13.785805039855,
547,2018-05-21,13.414332397643111,
548,2018-05-22,13.373058695242005,
549,2018-05-23,12.985073119350856,
550,2018-05-24,12.795211041559938,
551,2018-05-25,12.819973979668552,
552,2018-05-29,12.382459968942555,
553,2018-05-30,12.34118478060886,
554,2018-05-31,12.341185742989785,
555,2018-06-01,12.341185742989785,12.341185742989785
556,2018-06-04,12.299911874962662,
557,2018-06-05,12.365949477857102,
558,2018-06-06,12.176086428066,
559,2018-06-07,12.28340118490127,
560,2018-06-08,12.20233549315933,
561,2018-06-11,12.662643600640466,
562,2018-06-12,13.139689475130025,
563,2018-06-13,13.348921469265113,
564,2018-06-14,13.223382025601047,
565,2018-06-15,13.223382272588696,
566,2018-06-18,13.474459711093118,
567,2018-06-19,13.599997520446776,
568,2018-06-20,14.001718807835816,
569,2018-06-21,14.687996588947763,
570,2018-06-22,14.562457177601626,
571,2018-06-25,13.976612197840234,
572,2018-06-26,13.84270452370246,
573,2018-06-27,13.641842933707638,
574,2018-06-28,13.558152073975602,
575,2018-06-29,13.55815141719359,
576,2018-07-02,13.307073837000877,
577,2018-07-03,13.348919122821489,
578,2018-07-05,14.10215078966062,
579,2018-07-06,14.60430519933406,
580,2018-07-09,14.729843564115722,
581,2018-07-10,14.562459179813422,
582,2018-07-11,14.93907593587976,
583,2018-07-12,14.729841843272665,
584,2018-07-13,14.3532276754725,
585,2018-07-16,14.395075476254153,
586,2018-07-17,14.311383573736292,
587,2018-07-18,14.060304427594652,
588,2018-07-19,14.018458858317976,
589,2018-07-20,13.767382109508237,
590,2018-07-23,13.390766727769286,
591,2018-07-24,13.139688756729807,
592,2018-07-25,13.12295199561097,
593,2018-07-26,13.332184063925896,
594,2018-07-27,13.348922109412303,
595,2018-07-30,13.055997190960548,
596,2018-07-31,14.060305281491027,
597,2018-08-01,14.060304618084022,
598,2018-08-02,14.10215303312414,
599,2018-08-03,14.646150953691018,
600,2018-08-06,14.813535923701002,
601,2018-08-07,15.02276703356844,
602,2018-08-08,14.754948901660828,
603,2018-08-09,15.35753607894476,
604,2018-08-10,14.646150773880716,
605,2018-08-13,14.838642658081676,
606,2018-08-14,14.897225847684604,
607,2018-08-15,14.9641804685832,
608,2018-08-16,15.44123119239142,
609,2018-08-17,15.73414775112028,
610,2018-08-20,15.65045922478848,
611,2018-08-21,16.177719775274884,
612,2018-08-22,16.361840026191587,
613,2018-08-23,16.110767553815542,
614,2018-08-24,16.236307491954488,
615,2018-08-27,16.09402741684927,
616,2018-08-28,16.06892383312648,
617,2018-08-29,16.11076788343091,
618,2018-08-30,15.901534188109627,
619,2018-08-31,15.985227457959338,
620,2018-09-04,16.194459981760147,
621,2018-09-05,17.11507335792044,
622,2018-09-06,16.738457015798062,
623,2018-09-07,17.07879404286695,17.07879404286695
624,2018-09-10,17.03651883420266,
625,2018-09-11,16.994245090467064,
626,2018-09-12,17.036517947019863,
627,2018-09-13,17.036517213835438,
628,2018-09-14,18.008825900076943,
629,2018-09-17,16.951969292264803,
630,2018-09-18,17.459259425932032,
631,2018-09-19,17.50153614847877,
632,2018-09-20,17.712905572870387,
633,2018-09-21,18.13565049122853,
634,2018-09-24,18.87160706179406,
635,2018-09-25,18.59810114061817,
636,2018-09-26,18.552518975661645,
637,2018-09-27,18.78043861823441,
638,2018-09-28,18.780441371439004,
639,2018-10-01,18.780437482103974,
640,2018-10-02,18.37018653377836,
641,2018-10-03,18.479586188490515,
642,2018-10-04,18.461352000772493,
643,2018-10-05,18.333719514342484,
644,2018-10-08,18.10579971749878,
645,2018-10-09,18.096684926594488,
646,2018-10-10,18.16961831410881,
647,2018-10-11,17.175895541394866,
648,2018-10-12,17.28529381125244,
649,2018-10-15,17.61349785451826,
650,2018-10-16,18.379300870137698,
651,2018-10-17,18.5069358530921,
652,2018-10-18,18.187850952362567,
653,2018-10-19,18.561637410152603,
654,2018-10-22,18.470469682319703,
655,2018-10-23,18.01463405292903,
656,2018-10-24,17.814067538375824,
657,2018-10-25,17.148546297901767,
658,2018-10-26,16.865928045994597,
659,2018-10-29,17.29441385106658,
660,2018-10-30,17.540563583374023,
661,2018-10-31,17.896115404704908,
662,2018-11-01,17.604380325187304,
663,2018-11-02,18.124030410207,
664,2018-11-05,17.54056637132557,
665,2018-11-06,17.5132153061478,
666,2018-11-07,16.865926408509058,
667,2018-11-08,17.248829850622332,
668,2018-11-09,16.26422491393697,
669,2018-11-12,14.459114433614069,
670,2018-11-13,14.258546904744234,
671,2018-11-14,14.495580588275612,
672,2018-11-15,14.14002836405578,
673,2018-11-16,13.44715863771325,
674,2018-11-19,13.036905907174068,
675,2018-11-20,12.49901968054025,
676,2018-11-21,12.991322623857773,
677,2018-11-23,12.8181062575781,
678,2018-11-26,12.982205866348112,
679,2018-11-27,12.9001538709362,
680,2018-11-28,12.68135328597262,
681,2018-11-29,12.991322059026563,
682,2018-11-30,12.881921654033098,
683,2018-12-03,13.210123975556058,
684,2018-12-04,13.2830574055658,
685,2018-12-06,13.365107018225403,
686,2018-12-07,13.58732056702026,
687,2018-12-10,13.356242775765804,
688,2018-12-11,14.077204141730974,
689,2018-12-12,14.271307258851724,
690,2018-12-13,14.234335491845105,
691,2018-12-14,13.846128019396728,
692,2018-12-17,13.670509467457926,
693,2018-12-18,13.35624317283164,
694,2018-12-19,13.00500729845766,
695,2018-12-20,12.66301356249077,
696,2018-12-21,12.200859490760251,
697,2018-12-24,11.590817100260692,
698,2018-12-26,11.794165102745088,
699,2018-12-27,11.55384464817117,
700,2018-12-28,11.692489711761556,
701,2018-12-31,11.757192101474908,
702,2019-01-02,12.08994280890402,
703,2019-01-03,12.515125095788528,
704,2019-01-04,12.653771066559695,
705,2019-01-07,13.180625215398576,
706,2019-01-08,13.587320307763076,
707,2019-01-09,13.633535889431204,
708,2019-01-10,12.866361424328227,
709,2019-01-11,13.014250298290516,
710,2019-01-14,13.18062590019544,
711,2019-01-15,13.356243461291974,
712,2019-01-16,13.49489055221899,
713,2019-01-17,13.365486821800788,
714,2019-01-18,13.457917245261878,
715,2019-01-22,12.96803475705372,
716,2019-01-23,13.310027826786447,
717,2019-01-24,13.189868523598609,
718,2019-01-25,13.402460186990956,
719,2019-01-28,13.097438749806098,
720,2019-01-29,13.236084932456404,
721,2019-01-30,13.26381303177652,
722,2019-01-31,13.578077537168475,
723,2019-02-01,13.420947162989796,
724,2019-02-04,13.365486526778875,
725,2019-02-05,13.48564812242069,
726,2019-02-06,13.032736278239996,
727,2019-02-07,12.709228685808124,
728,2019-02-08,12.69998612837915,
729,2019-02-11,12.746201587130912,
730,2019-02-12,12.348748316701965,
731,2019-02-13,12.48739528656006,
732,2019-02-14,12.940305435692238,
733,2019-02-15,13.069708543478743,
734,2019-02-19,12.8109028924502,
735,2019-02-20,12.829388078487469,
736,2019-02-21,12.83863335605342,
737,2019-02-22,13.236083828011155,
738,2019-02-25,13.088194860464036,
739,2019-02-26,12.746201620012387,
740,2019-02-27,12.986521247996588,
741,2019-02-28,13.291542740969078,
742,2019-03-01,15.25107514858246,15.25107514858246
743,2019-03-04,14.927566520278267,
744,2019-03-05,14.687247524800952,
745,2019-03-06,14.557844223321151,
746,2019-03-07,14.04023076282084,
747,2019-03-08,13.8109275661613,
748,2019-03-11,14.092019015871614,
749,2019-03-12,13.81092683501532,
750,2019-03-13,13.820296683909907,
751,2019-03-14,13.6891212184485,
752,2019-03-15,13.810927218690203,
753,2019-03-18,14.08264850964412,
754,2019-03-19,14.27004207845509,
755,2019-03-20,14.195084047532498,
756,2019-03-21,14.60735060009681,
757,2019-03-22,14.513653031852678,
758,2019-03-25,14.616720412192482,
759,2019-03-26,14.579243309790096,
760,2019-03-27,14.12012648655077,
761,2019-03-28,14.007689842018902,
762,2019-03-29,14.007690225089046,
763,2019-04-01,14.18571576383977,
764,2019-04-02,14.054539331742712,
765,2019-04-03,13.979582124522045,
766,2019-04-04,14.082648452150732,
767,2019-04-05,14.166976006604164,
768,2019-04-08,15.741082839301107,
769,2019-04-09,15.35692578591835,
770,2019-04-10,15.216380752637852,
771,2019-04-11,15.291337552222108,
772,2019-04-12,15.42251329927953,
773,2019-04-15,15.525581884835088,
774,2019-04-16,15.64738729659007,
775,2019-04-17,15.994064920663815,
776,2019-04-18,15.534950175828529,
777,2019-04-22,14.944659407682629,
778,2019-04-23,14.35436872811177,
779,2019-04-24,14.5792435203971,
780,2019-04-25,14.560501864967748,
781,2019-04-26,14.66356933851966,
782,2019-04-29,14.954029502925314,
783,2019-04-30,14.457436561497364,
784,2019-05-01,14.33562984655462,
785,2019-05-02,13.867145274163502,
786,2019-05-03,14.017060062448037,
787,2019-05-06,14.05453965332303,
788,2019-05-07,14.260673415567664,
789,2019-05-08,14.026431447183445,
790,2019-05-09,13.023872426480038,
791,2019-05-10,13.051981715513332,
792,2019-05-13,12.883326934841223,
793,2019-05-14,12.789630076822776,
794,2019-05-15,12.85521891479812,
795,2019-05-16,12.808370594322096,
796,2019-05-17,12.69593445014295,
797,2019-05-20,12.386733650102473,
798,2019-05-21,12.489800364404,
799,2019-05-22,12.489800626671803,
800,2019-05-23,12.180600511419827,
801,2019-05-24,12.2368189941615,
802,2019-05-28,12.002576140085656,
803,2019-05-29,11.730855399486943,
804,2019-05-30,11.609049644987037,
805,2019-05-31,11.374808465966352,
806,2019-06-03,11.2717399257944,
807,2019-06-04,11.318589452264684,
808,2019-06-05,11.121825421558324,
809,2019-06-06,10.494055601172729,
810,2019-06-07,10.696325851289275,
811,2019-06-10,10.50549083546733,
812,2019-06-11,10.667701886842686,
813,2019-06-12,10.639075871703255,
814,2019-06-13,10.467323305745904,
815,2019-06-14,10.51503282212288,
816,2019-06-17,10.782202879579458,
817,2019-06-18,10.896703244880907,
818,2019-06-19,11.14479033850412,
819,2019-06-20,11.058913062481546,
820,2019-06-21,10.381447178564834,
821,2019-06-24,10.171529193560223,
822,2019-06-25,9.57039660049618,
823,2019-06-26,9.255517772665362,
824,2019-06-27,9.102850491176888,
825,2019-06-28,9.083766659217186,
826,2019-07-01,9.446354285558124,
827,2019-07-02,8.873848547779184,
828,2019-07-03,8.883390212548393,
829,2019-07-05,9.074225054630688,
830,2019-07-08,8.940640620038893,
831,2019-07-09,8.759346796291087,
832,2019-07-10,8.892931134972274,
833,2019-07-11,9.112391570345864,
834,2019-07-12,9.169642170556108,
835,2019-07-15,9.093308500741571,
836,2019-07-16,9.370019965124293,
837,2019-07-17,9.484520632017684,
838,2019-07-18,9.44635330385466,
839,2019-07-19,10.534116424607918,
840,2019-07-22,10.400530954455434,
841,2019-07-23,10.047485172739863,
842,2019-07-24,10.390988925166589,
843,2019-07-25,10.515032825538784,
844,2019-07-26,10.782202296523932,
845,2019-07-29,10.925329208374023,
846,2019-07-30,11.20203971862793,
847,2019-07-31,11.43104239923179,
848,2019-08-01,11.278374454699758,
849,2019-08-02,11.106623654875133,
850,2019-08-05,10.95395328543746,
851,2019-08-06,10.887161838350032,
852,2019-08-07,10.925328402908796,
853,2019-08-08,11.917672769468544,
854,2019-08-09,11.793629901723293,
855,2019-08-12,11.831796499492308,
856,2019-08-13,11.698212887274682,
857,2019-08-14,10.973037187443223,
858,2019-08-15,10.362364818112017,
859,2019-08-16,10.782202403380392,
860,2019-08-19,11.10662252294894,
861,2019-08-20,11.011204980701567,
862,2019-08-21,11.039829454955346,
863,2019-08-22,11.068455320486075,
864,2019-08-23,10.944412807883705,
865,2019-08-26,10.858537302704685,
866,2019-08-27,10.848994394003295,
867,2019-08-28,10.791744286700526,
868,2019-08-29,10.973037981809126,
869,2019-08-30,10.868078548458458,
870,2019-09-03,10.944412766297544,
871,2019-09-04,11.25929031765522,
872,2019-09-05,11.507377677107522,
873,2019-09-06,11.61475881063174,
874,2019-09-09,11.41099019479185,
875,2019-09-10,11.440099988280023,
876,2019-09-11,11.517725451213058,
877,2019-09-12,11.51772567155729,
878,2019-09-13,11.62446082033802,
879,2019-09-16,11.770009749481096,
880,2019-09-17,11.54683502466512,
881,2019-09-18,11.197519158135252,
882,2019-09-19,10.896719117319252,
883,2019-09-20,10.819093938129903,
884,2019-09-23,10.595919746542236,
885,2019-09-24,10.586216106807225,
886,2019-09-25,10.809391644569985,
887,2019-09-26,10.625029072984695,
888,2019-09-27,10.72206091962115,
889,2019-09-30,10.644436633562202,
890,2019-10-01,10.625029213149125,
891,2019-10-02,10.236900941453722,
892,2019-10-03,9.877881208803403,
893,2019-10-04,9.742035612924893,
894,2019-10-07,9.66441012556323,
895,2019-10-08,9.615893798892992,
896,2019-10-09,9.577081453700306,
897,2019-10-10,9.140436142659286,
898,2019-10-11,9.218062022134966,
899,2019-10-14,8.975481219275304,
900,2019-10-15,9.208358605305364,
901,2019-10-16,9.266577653242594,
902,2019-10-17,9.121028760823387,
903,2019-10-18,9.16954637945139,
904,2019-10-21,9.256874877844886,
905,2019-10-22,9.615894434582003,
906,2019-10-23,9.83906916436093,
907,2019-10-24,9.6353012498925,
908,2019-10-25,9.518862975928348,
909,2019-10-28,9.761443225004545,
910,2019-10-29,9.66440973937224,
911,2019-10-30,9.499455909012854,
912,2019-10-31,9.25687476508754,
913,2019-11-01,9.547971475573105,
914,2019-11-04,9.509159116708664,
915,2019-11-05,9.790552135353916,
916,2019-11-06,9.56737777394766,
917,2019-11-07,10.042836758645803,
918,2019-11-08,9.441235431503417,
919,2019-11-11,9.383017052731493,
920,2019-11-12,9.334500729329552,
921,2019-11-13,9.004590741960314,
922,2019-11-14,8.742603758309164,
923,2019-11-15,8.723197533815078,
924,2019-11-18,8.529133655171732,
925,2019-11-19,8.781417695232289,
926,2019-11-20,8.238036211788316,
927,2019-11-21,8.082784618921087,
928,2019-11-22,7.820797971220454,
929,2019-11-25,8.199223190598161,
930,2019-11-26,8.150707114341678,
931,2019-11-27,8.393288415773108,
932,2019-11-29,8.348780037003392,
933,2019-12-02,8.656890153294661,
934,2019-12-03,8.527683212984416,
935,2019-12-04,8.269267974115285,
936,2019-12-05,7.9710978796518415,
937,2019-12-06,8.100304245750156,
938,2019-12-09,8.219573251729685,
939,2019-12-10,8.358719783172418,
940,2019-12-11,8.130122301169187,
941,2019-12-12,8.3885363397898,
942,2019-12-13,8.358719045214198,
943,2019-12-16,8.726463014713541,
944,2019-12-17,8.348780403425948,
945,2019-12-18,8.080426747015197,
946,2019-12-19,7.951219315376787,
947,2019-12-20,7.9114636830907745,
948,2019-12-23,7.702743696190118,
949,2019-12-24,7.623231890047402,
950,2019-12-26,7.513902549855512,
951,2019-12-27,7.354878066934714,
952,2019-12-30,7.374756459453468,
953,2019-12-31,7.255488275887285,
954,2020-01-02,7.5139023055433505,
955,2020-01-03,7.553658239542453,
956,2020-01-06,7.255488036184582,
957,2020-01-07,7.156097353787231,
958,2020-01-08,7.10640270338775,
959,2020-01-09,6.639268284422617,
960,2020-01-10,6.6293294430363305,
961,2020-01-13,6.599512100680679,
962,2020-01-14,6.917561235091689,
963,2020-01-15,7.295244159152475,
964,2020-01-16,7.394634427502445,
965,2020-01-17,7.335000157955344,
966,2020-01-21,7.275366187306223,
967,2020-01-22,7.175975380144247,
968,2020-01-23,6.957317115073565,
969,2020-01-24,6.758536692801743,
970,2020-01-27,6.500121707006699,
971,2020-01-28,6.758536873939778,
972,2020-01-29,6.847987894108798,
973,2020-01-30,6.83804869536173,
974,2020-01-31,6.828109933398676,
975,2020-02-03,6.549817444656551,
976,2020-02-04,6.649207353469496,
977,2020-02-05,7.056707505398923,
978,2020-02-06,7.086524356568084,
979,2020-02-07,6.708841565289633,
980,2020-02-10,6.788353682146695,
981,2020-02-11,6.937439204184027,
982,2020-02-12,7.036829357507306,
983,2020-02-13,7.036829474778124,
984,2020-02-14,7.146158755398914,
985,2020-02-18,7.20579272484667,
986,2020-02-19,7.394634064128218,
987,2020-02-20,7.732561230779384,
988,2020-02-21,7.702743823904167,
989,2020-02-24,7.096463264265887,
990,2020-02-25,7.235610074500668,
991,2020-02-26,6.579634003385633,
992,2020-02-27,6.162194908698887,
993,2020-02-28,6.609451227814952,
994,2020-03-02,6.281463437882502,
995,2020-03-03,6.09262228890354,
996,2020-03-04,5.864024641247847,
997,2020-03-05,5.5757925769248775,
998,2020-03-06,4.730000019073486,
999,2020-03-09,4.070000171661377,
1000,2020-03-10,4.289999961853027,
1001,2020-03-11,4.070000171661377,
1002,2020-03-12,3.150000095367432,
1003,2020-03-13,3.2699999809265137,
1004,2020-03-16,2.900000095367432,
1005,2020-03-17,2.75,
1006,2020-03-18,3.0,
1007,2020-03-19,3.470000028610229,
1008,2020-03-20,3.5999999046325684,
1009,2020-03-23,3.400000095367432,
1010,2020-03-24,3.559999942779541,
1011,2020-03-25,3.9800000190734863,
1012,2020-03-26,3.950000047683716,
1013,2020-03-27,3.75,
1014,2020-03-30,3.5,
1015,2020-03-31,3.289999961853028,
1016,2020-04-01,3.039999961853028,
1017,2020-04-02,2.7799999713897705,
1018,2020-04-03,2.3399999141693115,
1019,2020-04-06,2.970000028610229,
1020,2020-04-07,3.7300000190734863,
1021,2020-04-08,3.319999933242798,
1022,2020-04-09,3.299999952316284,
1023,2020-04-13,2.359999895095825,
1024,2020-04-14,2.369999885559082,
1025,2020-04-15,2.4600000381469727,
1026,2020-04-16,2.490000009536743,
1027,2020-04-17,3.849999904632568,
1028,2020-04-20,3.440000057220459,
1029,2020-04-21,3.380000114440918,
1030,2020-04-22,3.390000104904175,
1031,2020-04-23,3.25,
1032,2020-04-24,3.200000047683716,
1033,2020-04-27,3.400000095367432,
1034,2020-04-28,4.75,
1035,2020-04-29,5.53000020980835,
1036,2020-04-30,5.090000152587891,
1037,2020-05-01,4.699999809265137,
1038,2020-05-04,4.78000020980835,
1039,2020-05-05,4.690000057220459,
1040,2020-05-06,4.099999904632568,
1041,2020-05-07,4.179999828338623,
1042,2020-05-08,4.21999979019165,
1043,2020-05-11,6.409999847412109,
1044,2020-05-12,5.840000152587891,
1045,2020-05-13,5.03000020980835,
1046,2020-05-14,4.650000095367432,
1047,2020-05-15,4.619999885559082,
1048,2020-05-18,4.929999828338623,
1049,2020-05-19,4.980000019073486,
1050,2020-05-20,4.75,
1051,2020-05-21,4.789999961853027,
1052,2020-05-22,4.679999828338623,
1053,2020-05-26,5.139999866485596,
1054,2020-05-27,5.650000095367432,
1055,2020-05-28,5.679999828338623,
1056,2020-05-29,5.380000114440918,
1057,2020-06-01,5.369999885559082,
1058,2020-06-02,5.650000095367432,
1059,2020-06-03,5.989999771118164,
1060,2020-06-04,5.400000095367432,
1061,2020-06-05,6.150000095367432,
1062,2020-06-08,6.840000152587891,
1063,2020-06-09,6.190000057220459,
1064,2020-06-10,7.349999904632568,
1065,2020-06-11,5.650000095367432,
1066,2020-06-12,5.929999828338623,
1067,2020-06-15,5.929999828338623,
1068,2020-06-16,6.059999942779541,
1069,2020-06-17,5.630000114440918,
1070,2020-06-18,5.71999979019165,
1071,2020-06-19,6.25,
1072,2020-06-22,5.480000019073486,
1073,2020-06-23,5.400000095367432,
1074,2020-06-24,5.119999885559082,
1075,2020-06-25,4.590000152587891,
1076,2020-06-26,4.690000057220459,
1077,2020-06-29,4.440000057220459,
1078,2020-06-30,4.360000133514404,
1079,2020-07-01,4.599999904632568,
1080,2020-07-02,4.690000057220459,
1081,2020-07-06,4.639999866485596,
1082,2020-07-07,4.289999961853027,
1083,2020-07-08,4.519999980926514,
1084,2020-07-10,4.599999904632568,
1085,2020-07-13,4.820000171661377,
1086,2020-07-14,4.269999980926514,
1087,2020-07-15,4.579999923706055,
1088,2020-07-16,4.480000019073486,
1089,2020-07-17,4.369999885559082,
1090,2020-07-20,4.230000019073486,
1091,2020-07-21,4.239999771118164,
1092,2020-07-22,4.170000076293945,
1093,2020-07-23,4.179999828338623,
1094,2020-07-24,4.179999828338623,
1095,2020-07-27,4.03000020980835,
1096,2020-07-28,4.25,
1097,2020-07-29,4.199999809265137,
1098,2020-07-30,4.340000152587891,
1099,2020-07-31,4.150000095367432,
1100,2020-08-03,4.199999809265137,
1101,2020-08-04,4.239999771118164,
1102,2020-08-05,4.170000076293945,
1103,2020-08-06,4.239999771118164,
1104,2020-08-07,5.260000228881836,
1105,2020-08-10,4.739999771118164,
1106,2020-08-11,4.849999904632568,
1107,2020-08-12,4.760000228881836,
1108,2020-08-13,5.769999980926514,
1109,2020-08-14,5.630000114440918,
1110,2020-08-17,5.849999904632568,
1111,2020-08-18,5.570000171661377,
1112,2020-08-19,5.46999979019165,
1113,2020-08-20,5.78000020980835,
1114,2020-08-21,5.679999828338623,
1115,2020-08-24,5.449999809265137,
1116,2020-08-25,5.579999923706055,
1117,2020-08-26,5.670000076293945,
1118,2020-08-27,7.099999904632568,
1119,2020-08-28,6.539999961853027,
1120,2020-08-31,6.449999809265137,
1121,2020-09-01,6.179999828338623,
1122,2020-09-02,7.710000038146973,
1123,2020-09-03,7.139999866485596,
1124,2020-09-04,7.019999980926514,
1125,2020-09-08,6.949999809265137,
1126,2020-09-09,6.539999961853027,
1127,2020-09-10,6.360000133514404,
1128,2020-09-11,6.070000171661377,
1129,2020-09-14,5.869999885559082,
1130,2020-09-15,5.869999885559082,
1131,2020-09-16,5.880000114440918,
1132,2020-09-17,5.789999961853027,
1133,2020-09-18,5.739999771118164,
1134,2020-09-21,5.480000019073486,
1135,2020-09-22,5.320000171661377,
1136,2020-09-23,5.289999961853027,
1137,2020-09-24,4.900000095367432,
1138,2020-09-25,4.929999828338623,
1139,2020-09-28,5.039999961853027,
1140,2020-09-29,4.940000057220459,
1141,2020-09-30,4.949999809265137,
1142,2020-10-01,4.800000190734863,
1143,2020-10-02,4.659999847412109,
1144,2020-10-05,4.360000133514404,
1145,2020-10-06,4.269999980926514,
1146,2020-10-07,4.110000133514404,
1147,2020-10-08,4.179999828338623,
1148,2020-10-09,4.179999828338623,
1149,2020-10-12,4.090000152587891,
1150,2020-10-13,3.910000085830689,
1151,2020-10-14,3.200000047683716,
1152,2020-10-15,2.9600000381469727,
1153,2020-10-16,3.289999961853028,
1154,2020-10-19,3.880000114440918,
1155,2020-10-20,3.309999942779541,
1156,2020-10-21,3.130000114440918,
1157,2020-10-22,3.150000095367432,
1158,2020-10-23,3.150000095367432,
1159,2020-10-26,2.930000066757202,
1160,2020-10-27,2.900000095367432,
1161,2020-10-28,2.740000009536743,
1162,2020-10-29,2.680000066757202,
1163,2020-10-30,2.490000009536743,
1164,2020-11-02,2.319999933242798,
1165,2020-11-03,2.5899999141693115,
1166,2020-11-04,2.430000066757202,
1167,2020-11-05,2.569999933242798,
1168,2020-11-06,2.619999885559082,
1169,2020-11-09,4.389999866485596,
1170,2020-11-10,4.03000020980835,
1171,2020-11-11,3.240000009536743,
1172,2020-11-12,3.069999933242798,
1173,2020-11-13,2.990000009536743,
1174,2020-11-16,3.390000104904175,
1175,2020-11-17,3.039999961853028,
1176,2020-11-18,3.369999885559082,
1177,2020-11-19,3.380000114440918,
1178,2020-11-20,3.369999885559082,
1179,2020-11-23,3.849999904632568,
1180,2020-11-24,5.0,
1181,2020-11-25,4.849999904632568,
1182,2020-11-27,4.619999885559082,
1183,2020-11-30,4.449999809265137,
1184,2020-12-01,4.429999828338623,
1185,2020-12-02,4.340000152587891,
1186,2020-12-03,4.21999979019165,
1187,2020-12-04,3.759999990463257,
1188,2020-12-07,3.740000009536743,
1189,2020-12-08,4.019999980926514,
1190,2020-12-09,4.329999923706055,
1191,2020-12-10,4.099999904632568,
1192,2020-12-11,4.25,
1193,2020-12-14,4.010000228881836,4.010000228881836
1194,2020-12-15,3.240000009536743,
1195,2020-12-16,2.890000104904175,
1196,2020-12-17,2.950000047683716,
1197,2020-12-18,2.8499999046325684,
1198,2020-12-21,2.740000009536743,
1199,2020-12-22,2.75,
1200,2020-12-23,2.650000095367432,
1201,2020-12-24,2.5999999046325684,
1202,2020-12-28,2.630000114440918,
1203,2020-12-29,2.4600000381469727,
1204,2020-12-30,2.299999952316284,
1205,2020-12-31,2.220000028610229,
1206,2021-01-04,2.200000047683716,
1207,2021-01-05,2.0299999713897705,
1208,2021-01-06,2.2300000190734863,
1209,2021-01-07,2.109999895095825,
1210,2021-01-08,2.2100000381469727,
1211,2021-01-11,2.2699999809265137,
1212,2021-01-12,2.390000104904175,
1213,2021-01-13,2.380000114440918,
1214,2021-01-14,2.319999933242798,
1215,2021-01-15,2.549999952316284,
1216,2021-01-19,3.200000047683716,
1217,2021-01-20,3.3399999141693115,
1218,2021-01-21,3.059999942779541,
1219,2021-01-22,3.740000009536743,
1220,2021-01-25,4.880000114440918,
1221,2021-01-26,5.190000057220459,
1222,2021-01-27,20.36000061035156,
1223,2021-01-28,16.5,
1224,2021-01-29,16.0,
1225,2021-02-01,17.25,
1226,2021-02-02,10.100000381469728,
1227,2021-02-03,9.770000457763672,
1228,2021-02-04,8.739999771118164,
1229,2021-02-05,8.270000457763672,
1230,2021-02-08,6.889999866485596,
1231,2021-02-09,5.809999942779541,
1232,2021-02-10,6.590000152587891,
1233,2021-02-11,5.849999904632568,
1234,2021-02-12,5.96999979019165,
1235,2021-02-16,6.050000190734863,
1236,2021-02-17,5.619999885559082,
1237,2021-02-18,6.25,
1238,2021-02-19,5.769999980926514,
1239,2021-02-22,6.679999828338623,
1240,2021-02-23,7.860000133514404,
1241,2021-02-24,9.829999923706056,
1242,2021-02-25,11.0,
1243,2021-02-26,9.010000228881836,
1244,2021-03-01,9.449999809265137,
1245,2021-03-02,9.399999618530272,
1246,2021-03-03,9.140000343322754,
1247,2021-03-04,8.59000015258789,
1248,2021-03-05,8.270000457763672,
1249,2021-03-08,9.479999542236328,
1250,2021-03-09,10.770000457763672,
1251,2021-03-10,12.470000267028809,
1252,2021-03-11,10.869999885559082,
1253,2021-03-12,11.399999618530272,
1254,2021-03-15,14.489999771118164,
1255,2021-03-16,13.619999885559082,13.619999885559082
1256,2021-03-17,13.65999984741211,
1257,2021-03-18,14.539999961853027,
1258,2021-03-19,14.18000030517578,
1259,2021-03-22,13.1899995803833,
1260,2021-03-23,11.93000030517578,
1261,2021-03-24,11.210000038146973,
1262,2021-03-25,11.31999969482422,
1263,2021-03-26,11.529999732971191,
1264,2021-03-29,10.760000228881836,
1265,2021-03-30,10.520000457763672,
1266,2021-03-31,10.470000267028809,
1267,2021-04-01,10.260000228881836,
1268,2021-04-05,11.25,
1269,2021-04-06,10.5,
1270,2021-04-07,10.18000030517578,
1271,2021-04-08,10.010000228881836,
1272,2021-04-09,9.739999771118164,
1273,2021-04-12,9.489999771118164,
1274,2021-04-13,9.119999885559082,
1275,2021-04-14,9.8100004196167,
1276,2021-04-15,10.229999542236328,
1277,2021-04-16,10.029999732971191,
1278,2021-04-19,9.8100004196167,
1279,2021-04-20,9.710000038146973,
1280,2021-04-21,9.8100004196167,
1281,2021-04-22,10.649999618530272,
1282,2021-04-23,10.380000114440918,
1283,2021-04-26,11.960000038146973,
1284,2021-04-27,12.220000267028809,
1285,2021-04-28,11.390000343322754,
1286,2021-04-29,11.039999961853027,
1287,2021-04-30,10.18000030517578,
1288,2021-05-03,10.119999885559082,
1289,2021-05-04,9.75,
1290,2021-05-05,9.56999969482422,
1291,2021-05-06,9.399999618530272,
1292,2021-05-07,9.789999961853027,
1293,2021-05-10,10.149999618530272,
1294,2021-05-11,10.479999542236328,
1295,2021-05-12,10.630000114440918,
1296,2021-05-13,14.199999809265137,
1297,2021-05-14,14.34000015258789,14.34000015258789
1298,2021-05-17,14.380000114440918,
1299,2021-05-18,14.670000076293944,
1300,2021-05-19,13.3100004196167,
1301,2021-05-20,12.989999771118164,
1302,2021-05-21,12.84000015258789,
1303,2021-05-24,13.960000038146973,
1304,2021-05-25,16.670000076293945,
1305,2021-05-26,19.950000762939453,
1306,2021-05-27,29.76000022888184,
1307,2021-05-28,36.720001220703125,
1308,2021-06-01,33.529998779296875,
1309,2021-06-02,72.62000274658203,
1310,2021-06-03,68.80000305175781,
1311,2021-06-04,57.47999954223633,
1312,2021-06-07,59.68000030517578,
1313,2021-06-08,60.619998931884766,
1314,2021-06-09,53.38999938964844,
1315,2021-06-10,51.5,
1316,2021-06-11,49.59999847412109,
1317,2021-06-14,60.54999923706055,
1318,2021-06-15,64.70999908447266,
1319,2021-06-16,57.34000015258789,
1320,2021-06-17,63.83000183105469,
1321,2021-06-18,64.95999908447266,
1322,2021-06-21,63.0099983215332,
1323,2021-06-22,58.7400016784668,
1324,2021-06-23,61.09999847412109,
1325,2021-06-24,58.7599983215332,
1326,2021-06-25,56.290000915527344,
1327,2021-06-28,59.36000061035156,
1328,2021-06-29,61.0,
1329,2021-06-30,58.18000030517578,
1330,2021-07-01,57.709999084472656,
1331,2021-07-02,53.25,
1332,2021-07-06,55.06999969482422,
1333,2021-07-07,48.9900016784668,
1334,2021-07-08,49.790000915527344,
1335,2021-07-09,48.91999816894531,
1336,2021-07-12,46.54999923706055,
1337,2021-07-13,42.13999938964844,
1338,2021-07-14,39.130001068115234,
1339,2021-07-15,37.400001525878906,
1340,2021-07-16,38.54999923706055,
1341,2021-07-19,35.34000015258789,
1342,2021-07-20,44.38999938964844,
1343,2021-07-21,46.54999923706055,
1344,2021-07-22,41.7400016784668,
1345,2021-07-23,38.400001525878906,
1346,2021-07-26,40.84999847412109,
1347,2021-07-27,40.29999923706055,
1348,2021-07-28,39.560001373291016,
1349,2021-07-29,40.25,
1350,2021-07-30,39.18999862670898,
1351,2021-08-02,38.47999954223633,
1352,2021-08-03,35.209999084472656,
1353,2021-08-04,35.2400016784668,
1354,2021-08-05,34.119998931884766,
1355,2021-08-06,33.58000183105469,
1356,2021-08-09,35.380001068115234,
1357,2021-08-10,37.15999984741211,
1358,2021-08-11,31.90999984741211,
1359,2021-08-12,34.099998474121094,
1360,2021-08-13,34.47999954223633,
1361,2021-08-16,36.18000030517578,36.18000030517578
1362,2021-08-17,38.77999877929688,
1363,2021-08-18,38.70000076293945,
1364,2021-08-19,36.77999877929688,
1365,2021-08-20,34.599998474121094,
1366,2021-08-23,37.93000030517578,
1367,2021-08-24,48.20000076293945,
1368,2021-08-25,48.29999923706055,
1369,2021-08-26,44.77999877929688,
1370,2021-08-27,41.58000183105469,
1371,2021-08-30,45.709999084472656,
1372,2021-08-31,47.15999984741211,
1373,2021-09-01,47.84999847412109,
1374,2021-09-02,44.900001525878906,
1375,2021-09-03,44.79999923706055,
1376,2021-09-07,47.93000030517578,
1377,2021-09-08,49.400001525878906,
1378,2021-09-09,49.0,
1379,2021-09-10,51.70000076293945,
1380,2021-09-13,52.790000915527344,
1381,2021-09-14,51.54999923706055,
1382,2021-09-15,47.7400016784668,
1383,2021-09-16,48.68999862670898,
1384,2021-09-17,46.380001068115234,
1385,2021-09-20,43.33000183105469,
1386,2021-09-21,41.4900016784668,
1387,2021-09-22,40.56999969482422,
1388,2021-09-23,41.84999847412109,
1389,2021-09-24,40.52000045776367,
1390,2021-09-27,40.630001068115234,
1391,2021-09-28,39.130001068115234,
1392,2021-09-29,38.2599983215332,
1393,2021-09-30,41.77999877929688,
1394,2021-10-01,40.130001068115234,
1395,2021-10-04,39.02999877929688,
1396,2021-10-05,38.09999847412109,
1397,2021-10-06,37.650001525878906,
1398,2021-10-07,38.54999923706055,
1399,2021-10-08,38.77999877929688,
1400,2021-10-11,38.65999984741211,
1401,2021-10-12,37.56999969482422,
1402,2021-10-13,38.150001525878906,
1403,2021-10-14,41.09999847412109,
1404,2021-10-15,41.790000915527344,
1405,2021-10-18,43.630001068115234,
1406,2021-10-19,44.43999862670898,
1407,2021-10-20,41.75,
1408,2021-10-21,41.93999862670898,
1409,2021-10-22,37.66999816894531,
1410,2021-10-25,37.84999847412109,
1411,2021-10-26,37.400001525878906,
1412,2021-10-27,36.790000915527344,
1413,2021-10-28,36.06999969482422,
1414,2021-10-29,36.630001068115234,
1415,2021-11-01,37.18999862670898,
1416,2021-11-02,38.79999923706055,
1417,2021-11-03,44.209999084472656,
1418,2021-11-04,41.29999923706055,
1419,2021-11-05,41.970001220703125,41.970001220703125
1420,2021-11-08,45.95000076293945,
1421,2021-11-09,42.59999847412109,
1422,2021-11-10,40.869998931884766,
1423,2021-11-11,40.20000076293945,
1424,2021-11-12,40.43999862670898,
1425,2021-11-15,43.22999954223633,
1426,2021-11-16,44.43000030517578,
1427,2021-11-17,44.0,
1428,2021-11-18,42.400001525878906,
1429,2021-11-19,41.380001068115234,
1430,2021-11-22,42.9900016784668,
1431,2021-11-23,42.02999877929688,
1432,2021-11-24,39.33000183105469,
1433,2021-11-26,38.15999984741211,
1434,2021-11-29,38.43000030517578,
1435,2021-11-30,37.04999923706055,
1436,2021-12-01,34.939998626708984,
1437,2021-12-02,31.21999931335449,
1438,2021-12-03,31.059999465942383,
1439,2021-12-06,30.46999931335449,
1440,2021-12-07,31.68000030517578,
1441,2021-12-08,33.91999816894531,
1442,2021-12-09,32.95000076293945,
1443,2021-12-10,29.93000030517578,
1444,2021-12-13,27.6299991607666,
1445,2021-12-14,25.1200008392334,
1446,2021-12-15,25.280000686645508,
1447,2021-12-16,25.8700008392334,
1448,2021-12-17,30.709999084472656,
1449,2021-12-20,30.700000762939453,
1450,2021-12-21,32.22999954223633,
1451,2021-12-22,30.479999542236328,
1452,2021-12-23,29.43000030517578,
1453,2021-12-27,29.38999938964844,
1454,2021-12-28,29.739999771118164,
1455,2021-12-29,28.350000381469727,
1456,2021-12-30,30.190000534057617,
1457,2021-12-31,29.399999618530277,
1458,2022-01-03,28.1299991607666,
1459,2022-01-04,26.670000076293945,
1460,2022-01-05,25.299999237060547,
1461,2022-01-06,23.770000457763672,
1462,2022-01-07,24.299999237060547,
1463,2022-01-10,22.8700008392334,
1464,2022-01-11,23.75,
1465,2022-01-12,23.36000061035156,
1466,2022-01-13,23.149999618530277,
1467,2022-01-14,21.07999992370605,
1468,2022-01-18,19.88999938964844,
1469,2022-01-19,19.420000076293945,
1470,2022-01-20,20.15999984741211,
1471,2022-01-21,18.559999465942383,
1472,2022-01-24,17.290000915527344,
1473,2022-01-25,16.6200008392334,
1474,2022-01-26,18.15999984741211,
1475,2022-01-27,16.59000015258789,
1476,2022-01-28,15.25,
1477,2022-01-31,16.25,
1478,2022-02-01,18.709999084472656,
1479,2022-02-02,17.06999969482422,
1480,2022-02-03,15.850000381469728,
1481,2022-02-04,15.699999809265137,
1482,2022-02-07,16.0,
1483,2022-02-08,16.81999969482422,
1484,2022-02-09,19.0,
1485,2022-02-10,20.959999084472656,
1486,2022-02-11,19.65999984741211,
1487,2022-02-14,19.36000061035156,
1488,2022-02-15,19.549999237060547,
1489,2022-02-16,20.57999992370605,
1490,2022-02-17,20.209999084472656,
1491,2022-02-18,19.200000762939453,
1492,2022-02-22,18.1299991607666,
1493,2022-02-23,17.020000457763672,
1494,2022-02-24,17.770000457763672,
1495,2022-02-25,17.860000610351562,
1496,2022-02-28,19.34000015258789,
1497,2022-03-01,19.43000030517578,
1498,2022-03-02,18.690000534057617,18.690000534057617
1499,2022-03-03,18.700000762939453,
1500,2022-03-04,18.31999969482422,
1501,2022-03-07,17.100000381469727,
1502,2022-03-08,16.260000228881836,
1503,2022-03-09,16.270000457763672,
1504,2022-03-10,15.8100004196167,
1505,2022-03-11,15.399999618530272,
1506,2022-03-14,14.15999984741211,
1507,2022-03-15,14.6899995803833,
1508,2022-03-16,15.6899995803833,
1509,2022-03-17,15.609999656677246,
1510,2022-03-18,15.899999618530272,
1511,2022-03-21,16.549999237060547,
1512,2022-03-22,18.90999984741211,
1513,2022-03-23,22.350000381469727,
1514,2022-03-24,20.56999969482422,
1515,2022-03-25,21.700000762939453,
1516,2022-03-28,29.729999542236328,
1517,2022-03-29,34.33000183105469,
1518,2022-03-30,29.229999542236328,
1519,2022-03-31,25.920000076293945,
1520,2022-04-01,25.280000686645508,
1521,2022-04-04,23.75,
1522,2022-04-05,23.959999084472656,
1523,2022-04-06,21.920000076293945,
1524,2022-04-07,20.940000534057617,
1525,2022-04-08,19.700000762939453,
1526,2022-04-11,18.81999969482422,
1527,2022-04-12,19.01000022888184,
1528,2022-04-13,18.57999992370605,
1529,2022-04-14,18.690000534057617,
1530,2022-04-18,18.190000534057617,
1531,2022-04-19,18.920000076293945,
1532,2022-04-20,18.65999984741211,
1533,2022-04-21,18.06999969482422,
1534,2022-04-22,17.610000610351562,
1535,2022-04-25,17.030000686645508,
1536,2022-04-26,17.09000015258789,
1537,2022-04-27,16.25,
1538,2022-04-28,16.1299991607666,
1539,2022-04-29,16.049999237060547,
1540,2022-05-02,15.489999771118164,
1541,2022-05-03,16.110000610351562,
1542,2022-05-04,15.90999984741211,
1543,2022-05-05,15.789999961853027,
1544,2022-05-06,14.84000015258789,
1545,2022-05-09,13.630000114440918,
1546,2022-05-10,14.010000228881836,
1547,2022-05-11,11.649999618530272,
1548,2022-05-12,13.710000038146973,
1549,2022-05-13,12.489999771118164,
1550,2022-05-16,12.65999984741211,
1551,2022-05-17,12.920000076293944,
1552,2022-05-18,14.220000267028809,
1553,2022-05-19,13.5,
1554,2022-05-20,13.350000381469728,
1555,2022-05-23,12.020000457763672,
1556,2022-05-24,11.390000343322754,
1557,2022-05-25,11.880000114440918,
1558,2022-05-26,12.880000114440918,
1559,2022-05-27,14.470000267028809,
1560,2022-05-31,16.1299991607666,
1561,2022-06-01,14.31999969482422,
1562,2022-06-02,13.539999961853027,
1563,2022-06-03,13.0600004196167,
1564,2022-06-06,12.579999923706056,
1565,2022-06-07,13.25,
1566,2022-06-08,14.25,
1567,2022-06-09,13.529999732971191,
1568,2022-06-10,12.729999542236328,
1569,2022-06-13,12.199999809265137,
1570,2022-06-14,12.050000190734863,
1571,2022-06-15,12.970000267028809,
1572,2022-06-16,12.5,
1573,2022-06-17,12.710000038146973,
1574,2022-06-21,12.93000030517578,
1575,2022-06-22,13.220000267028809,
1576,2022-06-23,12.8100004196167,
1577,2022-06-24,12.56999969482422,
1578,2022-06-27,14.75,
1579,2022-06-28,14.300000190734863,
1580,2022-06-29,13.890000343322754,
1581,2022-06-30,13.850000381469728,
1582,2022-07-01,14.3100004196167,
1583,2022-07-05,13.579999923706056,
1584,2022-07-06,13.039999961853027,
1585,2022-07-07,14.6899995803833,
1586,2022-07-08,15.31999969482422,
1587,2022-07-11,14.989999771118164,
1588,2022-07-12,16.139999389648438,
1589,2022-07-13,15.93000030517578,
1590,2022-07-14,15.68000030517578,
1591,2022-07-15,15.390000343322754,
1592,2022-07-18,16.959999084472656,
1593,2022-07-19,17.81999969482422,
1594,2022-07-20,17.729999542236328,
1595,2022-07-21,18.3700008392334,
1596,2022-07-22,16.8799991607666,
1597,2022-07-25,15.56999969482422,
1598,2022-07-26,14.729999542236328,
1599,2022-07-27,14.539999961853027,
1600,2022-07-28,15.289999961853027,
1601,2022-07-29,14.869999885559082,
1602,2022-08-01,15.5,
1603,2022-08-02,16.989999771118164,
1604,2022-08-03,18.270000457763672,
1605,2022-08-04,19.75,
1606,2022-08-05,22.770000457763672,
1607,2022-08-08,27.5,27.5
1608,2022-08-09,23.850000381469727,
1609,2022-08-10,23.799999237060547,
1610,2022-08-11,26.07999992370605,
1611,2022-08-12,27.200000762939453,
1612,2022-08-15,24.489999771118164,
1613,2022-08-16,26.15999984741211,
1614,2022-08-17,25.450000762939453,
1615,2022-08-18,22.09000015258789,
1616,2022-08-19,18.959999084472656,
1617,2022-08-22,13.050000190734863,
1618,2022-08-23,10.9399995803833,
1619,2022-08-24,9.899999618530272,
1620,2022-08-25,9.9399995803833,
1621,2022-08-26,9.670000076293944,
1622,2022-08-29,9.609999656677246,
1623,2022-08-30,9.640000343322754,
1624,2022-08-31,9.279999732971191,
1625,2022-09-01,9.029999732971191,
1626,2022-09-02,9.170000076293944,
1627,2022-09-06,8.75,
1628,2022-09-07,8.460000038146973,
1629,2022-09-08,8.720000267028809,
1630,2022-09-09,9.729999542236328,
1631,2022-09-12,10.75,
1632,2022-09-13,9.890000343322754,
1633,2022-09-14,9.93000030517578,
1634,2022-09-15,10.390000343322754,
1635,2022-09-16,9.68000030517578,
1636,2022-09-19,9.350000381469728,
1637,2022-09-20,9.31999969482422,
1638,2022-09-21,8.960000038146973,
1639,2022-09-22,8.65999984741211,
1640,2022-09-23,8.140000343322754,
1641,2022-09-26,7.96999979019165,
1642,2022-09-27,7.519999980926514,
1643,2022-09-28,7.710000038146973,
1644,2022-09-29,7.610000133514404,
1645,2022-09-30,7.28000020980835,
1646,2022-10-03,6.949999809265137,
1647,2022-10-04,8.130000114440918,
1648,2022-10-05,7.550000190734863,
1649,2022-10-06,7.619999885559082,
1650,2022-10-07,7.099999904632568,
1651,2022-10-10,6.929999828338623,
1652,2022-10-11,6.480000019073486,
1653,2022-10-12,6.239999771118164,
1654,2022-10-13,6.28000020980835,
1655,2022-10-14,6.349999904632568,
1656,2022-10-17,6.480000019073486,
1657,2022-10-18,6.800000190734863,
1658,2022-10-19,6.5,
1659,2022-10-20,6.579999923706055,
1660,2022-10-21,6.570000171661377,
1661,2022-10-24,6.550000190734863,
1662,2022-10-25,7.0,
1663,2022-10-26,7.110000133514404,
1664,2022-10-27,6.929999828338623,
1665,2022-10-28,6.699999809265137,
1666,2022-10-31,7.25,
1667,2022-11-01,6.849999904632568,
1668,2022-11-02,6.329999923706055,
1669,2022-11-03,5.849999904632568,
1670,2022-11-04,5.849999904632568,
1671,2022-11-07,5.610000133514404,
1672,2022-11-08,5.619999885559082,
1673,2022-11-09,5.389999866485596,
1674,2022-11-10,6.269999980926514,
1675,2022-11-11,7.28000020980835,
1676,2022-11-14,8.350000381469727,
1677,2022-11-15,8.1899995803833,
1678,2022-11-16,7.800000190734863,
1679,2022-11-17,7.420000076293945,
1680,2022-11-18,7.840000152587891,
1681,2022-11-21,7.559999942779541,
1682,2022-11-22,7.510000228881836,
1683,2022-11-23,7.989999771118164,
1684,2022-11-25,7.739999771118164,
1685,2022-11-28,7.440000057220459,
1686,2022-11-29,7.619999885559082,
1687,2022-11-30,7.480000019073486,
1688,2022-12-01,9.149999618530272,
1689,2022-12-02,8.630000114440918,
1690,2022-12-05,8.539999961853027,
1691,2022-12-06,7.480000019073486,
1692,2022-12-07,7.130000114440918,
1693,2022-12-08,6.699999809265137,
1694,2022-12-09,6.130000114440918,
1695,2022-12-12,6.0,
1696,2022-12-13,6.510000228881836,
1697,2022-12-14,5.880000114440918,
1698,2022-12-15,6.050000190734863,
1699,2022-12-16,5.730000019073486,
1700,2022-12-19,5.320000171661377,
1701,2022-12-20,5.150000095367432,
1702,2022-12-21,5.369999885559082,
1703,2022-12-22,4.980000019073486,
1704,2022-12-23,4.820000171661377,
1705,2022-12-27,4.210000038146973,
1706,2022-12-28,4.130000114440918,
1707,2022-12-29,4.190000057220459,
1708,2022-12-30,4.090000152587891,
1709,2023-01-03,4.389999866485596,
1710,2023-01-04,4.159999847412109,
1711,2023-01-05,4.059999942779541,
1712,2023-01-06,3.990000009536743,
1713,2023-01-09,4.019999980926514,
1714,2023-01-10,4.079999923706055,
1715,2023-01-11,4.980000019073486,
1716,2023-01-12,5.349999904632568,
1717,2023-01-13,5.139999866485596,
1718,2023-01-17,6.170000076293945,
1719,2023-01-18,6.550000190734863,
1720,2023-01-19,5.650000095367432,
1721,2023-01-20,5.809999942779541,
1722,2023-01-23,5.920000076293945,
1723,2023-01-24,5.949999809265137,
1724,2023-01-25,5.46999979019165,
1725,2023-01-26,5.610000133514404,
1726,2023-01-27,5.619999885559082,
1727,2023-01-30,5.340000152587891,
1728,2023-01-31,5.349999904632568,
1729,2023-02-01,5.800000190734863,
1730,2023-02-02,6.449999809265137,
1731,2023-02-03,6.769999980926514,
1732,2023-02-06,7.329999923706055,
1733,2023-02-07,6.960000038146973,
1734,2023-02-08,6.130000114440918,
